[
  {
    "_id": "68f8ad184c7ea7cda408e2e3",
    "patientId": "68e7f3fdd5695f0a76257edd",
    "doctorId": "67cc9fda1828116cbae52990",
    "labName": "ABCD",
    "orderType": "Denture",
    "othersText": "",
    "toothNumbers": [
      "18",
      "17"
    ],
    "shade": "A5",
    "material": "Flexible Nylon (Valplast)",
    "impressionsTakenOn": "2025-10-22T00:00:00.000Z",
    "sentToLabOn": "2025-10-22T10:08:24.009Z",
    "expectedDeliveryDate": "2025-10-31T00:00:00.000Z",
    "status": "Fitted",
    "remarks": "xc.x",
    "attachments": [],
    "__v": 0,
    "receivedFromLabOn": "2025-10-24T07:01:12.541Z",
    "fittedOn": "2025-10-24T07:07:02.013Z"
  }
]