[
  {
    "_id": "68ecadde2e17651a6d169c88",
    "invoiceId": "ES000001-492687",
    "patientId": "68e7f3fdd5695f0a76257edd",
    "doctorId": "67cc9fda1828116cbae5298e",
    "clinicId": "67cc9f951828116cbae52987",
    "date": "2025-10-14T00:00:00.000Z",
    "treatments": [
      {
        "treatment": "Denture (Indian)",
        "price": 5000,
        "quantity": 1
      }
    ],
    "amountBeforeDiscount": 5000,
    "discount": 0,
    "totalAmount": 5000,
    "advance": 0,
    "amountReceived": 5000,
    "amountDue": 0,
    "modeOfPayment": "Cash",
    "address": "Mayank joshi, near van chetna maidan, KHATIMA, Uttarakhand - 262308",
    "status": "Paid",
    "createdAt": "2025-10-13T07:44:30.111Z",
    "updatedAt": "2025-10-13T07:44:30.111Z",
    "__v": 0
  },
  {
    "_id": "68fb22fc91f08e9e2ad46029",
    "invoiceId": "ES000001-605885",
    "patientId": "68e7f3fdd5695f0a76257edd",
    "doctorId": "67cc9fda1828116cbae5298e",
    "clinicId": "67cc9f951828116cbae52987",
    "date": "2025-10-24T00:00:00.000Z",
    "treatments": [
      {
        "treatment": "Denture (German)",
        "price": 5000,
        "quantity": 1
      }
    ],
    "amountBeforeDiscount": 5000,
    "discount": 0,
    "totalAmount": 5000,
    "advance": 0,
    "amountReceived": 4500,
    "amountDue": 500,
    "modeOfPayment": "Cash",
    "address": "Mayank joshi, near van chetna maidan, KHATIMA, Uttarakhand - 262308",
    "status": "Partial",
    "createdAt": "2025-10-24T06:55:56.598Z",
    "updatedAt": "2025-10-24T06:55:56.598Z",
    "__v": 0
  }
]