[
  {
    "_id": "67cc9f5e1828116cbae52981",
    "userId": "67cc9f5e1828116cbae5297f",
    "permissions": {
      "canAddClinic": true,
      "canEditClinic": true,
      "canDeleteClinic": true,
      "canAddDoctor": true,
      "canEditDoctor": true,
      "canDeleteDoctor": true,
      "canManagePayments": true,
      "canViewReports": true
    },
    "fullName": "Mayank Joshi",
    "contactNumber": "7895927366",
    "address": {
      "street": "chakarpur",
      "city": "khatima",
      "state": "uttarakhand",
      "postalCode": "248001"
    },
    "createdAt": "2025-03-08T19:49:50.382Z",
    "updatedAt": "2025-03-08T19:49:50.382Z",
    "__v": 0
  }
]