[
  {
    "_id": "67cc9f951828116cbae52987",
    "clientAdminId": "67cc9f5e1828116cbae52981",
    "name": "Endo Smile Dental Care",
    "registrationNumber": "123456",
    "email": "joshi.mayank11@gmail.com",
    "contactNumber": "7895927367",
    "address": {
      "street": "chakarpur",
      "city": "khatima",
      "state": "uttarakhand",
      "postalCode": "248001"
    },
    "authorizedDoctors": [],
    "appointmentPolicy": {
      "cancellationNoticeHours": 24
    },
    "paymentDetails": {
      "totalPaid": 0
    },
    "status": "pending",
    "services": [],
    "businessHours": [],
    "createdAt": "2025-03-08T19:50:45.789Z",
    "updatedAt": "2025-03-08T19:50:45.789Z",
    "__v": 0
  }
]