[
  {
    "_id": "67cc9fda1828116cbae52990",
    "userId": "67cc9fda1828116cbae5298e",
    "clinicId": "67cc9f951828116cbae52987",
    "fullName": "Mayank Joshi",
    "specialization": "Dentist",
    "specializationDetails": "",
    "contactNumber": "7895927369",
    "address": {
      "street": "chakarpur",
      "city": "khatima",
      "state": "uttarakhand",
      "postalCode": "248001"
    },
    "permissions": {
      "canAddClinic": true,
      "canEditClinic": true,
      "canDeleteClinic": true,
      "canAddDoctor": true,
      "canEditDoctor": true,
      "canDeleteDoctor": true,
      "canManagePayments": true,
      "canViewReports": true
    },
    "qualifications": [
      "MBBS",
      "MD"
    ],
    "experienceYears": 12,
    "gender": "Male",
    "workingHours": [],
    "createdAt": "2025-03-08T19:51:54.852Z",
    "updatedAt": "2025-03-08T19:51:54.852Z",
    "__v": 0
  }
]