[
  {
    "_id": "67cc9f1d1828116cbae52978",
    "userId": "67cc9f1c1828116cbae52976",
    "permissions": {
      "canAddClinic": true,
      "canEditClinic": true,
      "canDeleteClinic": true,
      "canAddDoctor": true,
      "canEditDoctor": true,
      "canDeleteDoctor": true,
      "canManagePayments": true,
      "canViewReports": true
    },
    "fullName": "Super Admin",
    "contactNumber": "0000000000",
    "address": {
      "street": "",
      "city": "",
      "state": "",
      "postalCode": ""
    },
    "createdAt": "2025-03-08T19:48:45.016Z",
    "updatedAt": "2025-03-08T19:48:45.016Z",
    "__v": 0
  }
]