[
  {
    "_id": "68e7f3fdd5695f0a76257edd",
    "userId": "68e7f3fdd5695f0a76257eda",
    "DoctorId": "67cc9fda1828116cbae52990",
    "ClinicId": "67cc9f951828116cbae52987",
    "PatientId": "ES000001",
    "fullName": "salma",
    "contactNumber": "7895927222",
    "gender": "Male",
    "dateOfBirth": "2025-10-03T00:00:00.000Z",
    "email": "joshi.mayank111@gmail.com",
    "address": {
      "street": "Mayank joshi, near van chetna maidan",
      "city": "KHATIMA",
      "state": "Uttarakhand",
      "postalCode": "262308"
    },
    "medicalHistory": [
      "Hypertension"
    ],
    "currentMedications": [
      "Cancer Medications"
    ],
    "emergencyContact": {
      "fullName": "Mayank Joshi",
      "contactNumber": "07895927366",
      "relationship": "brother"
    },
    "permissions": {
      "canAddClinic": false,
      "canEditClinic": false,
      "canDeleteClinic": false,
      "canAddDoctor": false,
      "canEditDoctor": false,
      "canDeleteDoctor": false,
      "canManagePayments": false,
      "canViewReports": false
    },
    "createdAt": "2025-10-09T17:42:21.521Z",
    "updatedAt": "2026-01-14T07:52:56.426Z",
    "__v": 0,
    "age": "25"
  },
  {
    "_id": "696748250f674ff90aa34c2a",
    "userId": "696748250f674ff90aa34c27",
    "DoctorId": "67cc9fda1828116cbae52990",
    "ClinicId": "67cc9f951828116cbae52987",
    "PatientId": "ES000002",
    "fullName": "sunil pal",
    "contactNumber": "7895959595",
    "gender": "Male",
    "age": "35",
    "email": "joshi.mayank522@gmail.com",
    "address": {
      "street": "11th Avenue, Gaur City 2",
      "city": "Noida",
      "state": "NCR",
      "postalCode": "201007"
    },
    "medicalHistory": [
      "Hypertension",
      "Drug Allergy"
    ],
    "currentMedications": [
      "Blood Thinners",
      "Asthma Inhalers"
    ],
    "emergencyContact": {
      "fullName": "Mayank Joshi",
      "contactNumber": "07895927366",
      "relationship": "brother"
    },
    "permissions": {
      "canAddClinic": false,
      "canEditClinic": false,
      "canDeleteClinic": false,
      "canAddDoctor": false,
      "canEditDoctor": false,
      "canDeleteDoctor": false,
      "canManagePayments": false,
      "canViewReports": false
    },
    "createdAt": "2026-01-14T07:39:17.840Z",
    "updatedAt": "2026-01-14T07:47:50.506Z",
    "__v": 0,
    "dateOfBirth": null
  }
]