[
  {
    "_id": "68e7f468d5695f0a76257f26",
    "doctor": "67cc9fda1828116cbae52990",
    "patient": "68e7f3fdd5695f0a76257edd",
    "clinic": "67cc9f951828116cbae52987",
    "appointmentDate": "2025-10-10T18:30:00.000Z",
    "timeSlot": "10:30 AM",
    "treatments": [
      "Crown & Bridge (3 unit)"
    ],
    "teeth": [
      "18"
    ],
    "status": "Completed",
    "consultationType": "Follow-up",
    "notes": "mayank joshi",
    "createdBy": "67cc9fda1828116cbae5298e",
    "paymentStatus": "Pending",
    "createdAt": "2025-10-09T17:44:08.751Z",
    "updatedAt": "2025-10-24T07:09:33.323Z",
    "__v": 0
  },
  {
    "_id": "68e7fb02d5695f0a76257f6f",
    "doctor": "67cc9fda1828116cbae52990",
    "patient": "68e7f3fdd5695f0a76257edd",
    "clinic": "67cc9f951828116cbae52987",
    "appointmentDate": "2025-10-09T18:11:45.000Z",
    "timeSlot": "08:00 PM",
    "treatments": [
      "Crown & Bridge (4 unit)"
    ],
    "teeth": [
      "17"
    ],
    "status": "Scheduled",
    "consultationType": "New",
    "notes": "mayank joshi",
    "createdBy": "67cc9fda1828116cbae5298e",
    "paymentStatus": "Pending",
    "createdAt": "2025-10-09T18:12:18.979Z",
    "updatedAt": "2025-10-09T18:12:18.979Z",
    "__v": 0
  },
  {
    "_id": "68fa785df767043323a7a9dc",
    "doctor": "67cc9fda1828116cbae52990",
    "patient": "68e7f3fdd5695f0a76257edd",
    "clinic": "67cc9f951828116cbae52987",
    "appointmentDate": "2025-10-25T18:30:00.000Z",
    "timeSlot": "10:30 AM",
    "treatments": [
      "Crown & Bridge (3 unit)",
      "Consultation",
      "Composite Restoration"
    ],
    "teeth": [
      "17",
      "16",
      "15"
    ],
    "status": "Cancelled",
    "consultationType": "New",
    "notes": "x,m cx,mc",
    "createdBy": "67cc9fda1828116cbae5298e",
    "paymentStatus": "Pending",
    "createdAt": "2025-10-23T18:47:57.514Z",
    "updatedAt": "2025-10-24T07:09:25.694Z",
    "__v": 0
  },
  {
    "_id": "696626fc000ffab80f2ad24f",
    "doctor": "67cc9fda1828116cbae52990",
    "patient": "68e7f3fdd5695f0a76257edd",
    "clinic": "67cc9f951828116cbae52987",
    "appointmentDate": "2026-01-13T11:04:44.000Z",
    "timeSlot": "11:00 AM",
    "treatments": [
      "Crown & Bridge (4 unit)"
    ],
    "teeth": [
      "16",
      "18"
    ],
    "status": "Scheduled",
    "consultationType": "New",
    "notes": "Hkvb",
    "createdBy": "67cc9fda1828116cbae5298e",
    "paymentStatus": "Pending",
    "createdAt": "2026-01-13T11:05:32.096Z",
    "updatedAt": "2026-01-13T11:05:32.096Z",
    "__v": 0
  }
]